Unnamed: 0,Cpd,Formula,RT,Mass,CAS_ID,Source,Score,Algorithm,RunName,name,smiles
0,3601,C16H19N3O5S,4.749,365.1046,,FBF,91.56,FBF,bigmed,"['(2S,5R,6R)-6-[[(2R)-2-amino-2-(4-hydroxyphenyl)acetyl]amino]-3,3-dimethyl-7-oxo-4-thia-1-azabicyclo[3.2.0]heptane-2-carboxylic acid']",['CC1([C@@H](N2[C@H](S1)[C@@H](C2=O)NC(=O)[C@@H](C3=CC=C(C=C3)O)N)C(=O)O)C']
1,1637,C64H117NO10,20.107,1059.8758,,FBF,91.27,FBF,bigmed,"['[4,5-dihydroxy-2-[(E)-3-hydroxy-2-[[(13Z,16Z)-2-hydroxydocosa-13,16-dienoyl]amino]hexadec-4-enoxy]-6-(hydroxymethyl)oxan-3-yl] (E)-icos-11-enoate']",['CCCCCCCCCCC/C=C/C(C(COC1C(C(C(C(O1)CO)O)O)OC(=O)CCCCCCCCC/C=C/CCCCCCCC)NC(=O)C(CCCCCCCCCC/C=C\\C/C=C\\CCCCC)O)O']
2,1860,C31H55NO7,5.399,553.3978,,FBF,90.28,FBF,bigmed,"['(3R,5R)-7-[(1S,2S,6S,8S,8aR)-6-hydroxy-2-methyl-8-[(2S)-2-methylbutanoyl]oxy-1,2,6,7,8,8a-hexahydronaphthalen-1-yl]-3,5-dihydroxyheptanoic acid;2,4,4-trimethylpentan-2-amine']",['CC[C@H](C)C(=O)O[C@H]1C[C@@H](C=C2[C@H]1[C@H]([C@H](C=C2)C)CC[C@H](C[C@H](CC(=O)O)O)O)O.CC(C)(C)CC(C)(C)N']
3,3186,C31H48NO13P,13.611,673.2838,,FBF,89.78,FBF,bigmed,[],[]
4,3635,C7H11N5O,3.763,181.0965,,FBF,86.7,FBF,bigmed,"['2-amino-6-methyl-5,6,7,8-tetrahydro-3H-pteridin-4-one']",['CC1CNC2=C(N1)C(=O)NC(=N2)N']
5,3462,C12H23N3O5S2,10.284,353.1085,,FBF,86.64,FBF,bigmed,"['(2R,5S)-2,5-diamino-3-[[(2R)-2-amino-2-carboxyethyl]disulfanyl]-7-methyl-4-oxooctanoic acid']",['CC(C)C[C@@H](C(=O)C([C@@H](C(=O)O)N)SSC[C@@H](C(=O)O)N)N']
6,1354,C66H108O12S,18.885,1124.7582,,FBF,86.63,FBF,bigmed,[],[]
7,20,C16H18FN3O3,0.647,319.1314,,FBF,86.22,FBF,bigmed,['1-ethyl-6-fluoro-4-oxo-7-piperazin-1-ylquinoline-3-carboxylic acid'],['CCN1C=C(C(=O)C2=CC(=C(C=C21)N3CCNCC3)F)C(=O)O']
8,2236,C27H47O10P,4.749,562.2907,,FBF,86.09,FBF,bigmed,"['[(2R)-2-[(E)-5,8-dioxooct-6-enoyl]oxy-3-phosphonooxypropyl] hexadecanoate']",['CCCCCCCCCCCCCCCC(=O)OC[C@H](COP(=O)(O)O)OC(=O)CCCC(=O)/C=C/C=O']
9,1444,C35H59NO8,19.093,621.4269,,FBF,85.5,FBF,bigmed,"['(2Z)-2-[(3R,4S,5S,8S,9S,10S,11R,13R,14S,16S)-16-acetyloxy-3,11-dihydroxy-4,8,10,14-tetramethyl-2,3,4,5,6,7,9,11,12,13,15,16-dodecahydro-1H-cyclopenta[a]phenanthren-17-ylidene]-6-methylhept-5-enoic acid;2-(2-hydroxyethylamino)ethanol']",['C[C@H]1[C@@H]2CC[C@]3([C@H]([C@]2(CC[C@H]1O)C)[C@@H](C[C@@H]\\4[C@@]3(C[C@@H](/C4=C(/CCC=C(C)C)\\C(=O)O)OC(=O)C)C)O)C.C(CO)NCCO']
10,3593,C10H6O4,0.933,190.0273,,FBF,84.73,FBF,bigmed,"['5,8-dihydroxynaphthalene-1,4-dione']",['C1=CC(=C2C(=O)C=CC(=O)C2=C1O)O']
11,1736,C39H66O12,19.015,726.4574,,FBF,84.01,FBF,bigmed,"['(2R,3R,4R,5R,6S)-2-[[(1R,3R,5S,8S,9S,10S,13S,14S,16S,17R)-3-hydroxy-17-[(2S,3S)-3-hydroxy-6-methylhept-5-en-2-yl]-10,13-dimethyl-1-[(2R,3R,4R,5R,6S)-3,4,5-trihydroxy-6-methyloxan-2-yl]oxy-2,3,4,5,6,7,8,9,11,12,14,15,16,17-tetradecahydro-1H-cyclopenta[a]phenanthren-16-yl]oxy]-6-methyloxane-3,4,5-triol']",['C[C@H]1[C@@H]([C@H]([C@H]([C@@H](O1)O[C@H]2C[C@H]3[C@@H]4CC[C@H]5C[C@H](C[C@H]([C@@]5([C@H]4CC[C@@]3([C@H]2[C@H](C)[C@H](CC=C(C)C)O)C)C)O[C@H]6[C@@H]([C@@H]([C@H]([C@@H](O6)C)O)O)O)O)O)O)O']
12,3474,C12H21N3O4S,0.933,303.1238,,FBF,83.77,FBF,bigmed,"['(2R,3R,4S,5R,6S)-2-(hydroxymethyl)-6-methylsulfanyl-4-(4-propyltriazol-1-yl)oxane-3,5-diol']",['CCCC1=CN(N=N1)[C@H]2[C@H]([C@H](O[C@H]([C@@H]2O)SC)CO)O']
13,3400,C12H24N4O4S,0.933,320.1503,,FBF,83.77,FBF,bigmed,"['(2S)-6-amino-2-[[(2S,3R)-3-hydroxy-2-[(2-sulfanylacetyl)amino]butanoyl]amino]hexanamide']",['C[C@H]([C@@H](C(=O)N[C@@H](CCCCN)C(=O)N)NC(=O)CS)O']
14,1280,C43H82O13S,19.067,838.543,,FBF,83.67,FBF,bigmed,[],[]
15,3534,C4H11NO3,0.362,121.0736,,FBF,83.41,FBF,bigmed,"['2-amino-2-(hydroxymethyl)propane-1,3-diol']",['C(C(CO)(CO)N)O']
16,3142,C65H108NO11P,18.989,1109.7686,,FBF,83.39,FBF,bigmed,[],[]
17,3654,C16H18O5,0.933,290.1161,,FBF,83.29,FBF,bigmed,"['(9E)-13,15-dihydroxy-5-methyl-4-oxabicyclo[10.4.0]hexadeca-1(12),9,13,15-tetraene-3,11-dione']",['CC1CCC/C=C/C(=O)C2=C(CC(=O)O1)C=C(C=C2O)O']
18,3033,C47H77O13P,18.989,880.5098,,FBF,83.11,FBF,bigmed,"['[(2R)-1-[hydroxy-[(5R)-2,3,4,5,6-pentahydroxycyclohexyl]oxyphosphoryl]oxy-3-[(6Z,9Z,12Z,15Z)-octadeca-6,9,12,15-tetraenoyl]oxypropan-2-yl] (8Z,11Z,14Z)-icosa-8,11,14-trienoate']",['CCCCC/C=C\\C/C=C\\C/C=C\\CCCCCCC(=O)O[C@H](COC(=O)CCCC/C=C\\C/C=C\\C/C=C\\C/C=C\\CC)COP(=O)(O)OC1C([C@@H](C(C(C1O)O)O)O)O']
19,635,C7H15NO,17.612,129.1145,,FBF,83.01,FBF,bigmed,['heptanamide'],['CCCCCCC(=O)N']
20,3089,C29H48NO11P,14.443,617.2966,,FBF,82.95,FBF,bigmed,"['(1R,15S,16R,21R,23S)-8-[3-[diethoxy(oxido)phosphaniumyl]propyl]-23-methoxy-18-phenyl-2,5,11,14,17,19,22-heptaoxa-8-azatricyclo[13.8.0.016,21]tricosane']",['CCO[P+](CCCN1CCOCCO[C@H]2[C@H]3[C@@H](COC(O3)C4=CC=CC=C4)O[C@@H]([C@@H]2OCCOCC1)OC)([O-])OCC']
21,1144,C38H70O9,15.352,670.5003,,FBF,82.74,FBF,bigmed,"['[1-[(13Z,16Z)-docosa-13,16-dienoxy]-3-[3,4,5-trihydroxy-6-(hydroxymethyl)oxan-2-yl]oxypropan-2-yl] heptanoate']",['CCCCCCC(=O)OC(COCCCCCCCCCCCC/C=C\\C/C=C\\CCCCC)COC1C(C(C(C(O1)CO)O)O)O']
22,4444,C35H53NO11,5.113,663.3617,,FBF,82.49,FBF,bigmed,"['[(1R,2S,6S,9S,10R,11S,12S,14R,15S,18S,19S,22S,23R,25R)-12,23-diacetyloxy-1,10,11,14-tetrahydroxy-6,10,19-trimethyl-24-oxa-4-azaheptacyclo[12.12.0.02,11.04,9.015,25.018,23.019,25]hexacosan-22-yl] 2-methylpropanoate']",['C[C@H]1CC[C@H]2[C@@]([C@]3([C@H](C[C@]4([C@@H]5CC[C@H]6[C@]7([C@]5(C[C@]4([C@@H]3CN2C1)O)O[C@@]6([C@H](CC7)OC(=O)C(C)C)OC(=O)C)C)O)OC(=O)C)O)(C)O']
23,1726,C35H50O11,5.113,646.3359,,FBF,82.49,FBF,bigmed,"['[(1S,2S,4R,5S,6S,10S,11R,12R,13R,14S,15R)-13-acetyloxy-5,6,11,14-tetrahydroxy-4-(hydroxymethyl)-8,12-dimethyl-7-oxo-14-prop-1-en-2-yl-3-oxatetracyclo[9.4.0.02,4.06,10]pentadec-8-en-15-yl] (2E,4E)-trideca-2,4-dienoate']",['CCCCCCCC/C=C/C=C/C(=O)O[C@@H]1[C@@H]2[C@H]3[C@](O3)([C@H]([C@]4([C@H]([C@]2([C@@H]([C@H]([C@]1(C(=C)C)O)OC(=O)C)C)O)C=C(C4=O)C)O)O)CO']
24,574,C24H44N2O,15.95,376.3456,,FBF,82.48,FBF,bigmed,"['N,N-dibutyl-5-[4-(diethylaminomethyl)phenoxy]pentan-1-amine']",['CCCCN(CCCC)CCCCCOC1=CC=C(C=C1)CN(CC)CC']
25,2251,C32H53O9P,14.807,612.3411,,FBF,81.77,FBF,bigmed,"['3-[4,5-dibutoxy-6-(butoxymethyl)-2-cyclohexyloxyoxan-3-yl]oxy-1,5-dihydro-2,4,3lambda5-benzodioxaphosphepine 3-oxide']",['CCCCOCC1C(C(C(C(O1)OC2CCCCC2)OP3(=O)OCC4=CC=CC=C4CO3)OCCCC)OCCCC']
26,3769,C39H67NO3,18.183,597.5119,,FBF,81.31,FBF,bigmed,"['(8Z,11Z,14Z,17Z,20Z,23Z)-N-(1,3-dihydroxytridecan-2-yl)hexacosa-8,11,14,17,20,23-hexaenamide']",['CCCCCCCCCCC(C(CO)NC(=O)CCCCCC/C=C\\C/C=C\\C/C=C\\C/C=C\\C/C=C\\C/C=C\\CC)O']
27,529,C32H57NO3,17.742,503.4385,,FBF,80.54,FBF,bigmed,"['3-(3,5-dimethyl-4-octadecanoyl-1-pentylpyrrol-2-yl)propanoic acid']",['CCCCCCCCCCCCCCCCCC(=O)C1=C(N(C(=C1C)CCC(=O)O)CCCCC)C']
28,3,C15H25NO4,10.803,283.1766,,FBF,80.38,FBF,bigmed,"['[(8S)-5,6,7,8-tetrahydro-3H-pyrrolizin-1-yl]methyl (2S)-2-hydroxy-2-[(1R)-1-hydroxyethyl]-3-methylbutanoate']",['C[C@H]([C@@](C(C)C)(C(=O)OCC1=CCN2[C@H]1CCC2)O)O']
29,2505,C53H82NO7P,17.976,875.5837,,FBF,80.12,FBF,bigmed,"['[1-[2-aminoethoxy(hydroxy)phosphoryl]oxy-3-[(5Z,8Z,11Z,14Z,17Z,20Z,23Z)-hexacosa-5,8,11,14,17,20,23-heptaenoxy]propan-2-yl] (4Z,7Z,10Z,13Z,16Z,19Z)-docosa-4,7,10,13,16,19-hexaenoate']",['CC/C=C\\C/C=C\\C/C=C\\C/C=C\\C/C=C\\C/C=C\\CCC(=O)OC(COCCCC/C=C\\C/C=C\\C/C=C\\C/C=C\\C/C=C\\C/C=C\\C/C=C\\CC)COP(=O)(O)OCCN']
30,778,C44H80O4,16.34,672.6061,,FBF,80.01,FBF,bigmed,['[4-[[(Z)-octadec-9-enoyl]oxymethyl]cyclohexyl]methyl (Z)-octadec-9-enoate'],['CCCCCCCC/C=C\\CCCCCCCC(=O)OCC1CCC(CC1)COC(=O)CCCCCCC/C=C\\CCCCCCCC']
31,3588,C19H30O5,18.443,338.2103,,FBF,79.68,FBF,bigmed,"['5-[2-(2-butoxyethoxy)ethoxymethyl]-6-propyl-1,3-benzodioxole']",['CCCCOCCOCCOCC1=CC2=C(C=C1CCC)OCO2']
32,4030,C30H59NO11S,5.113,641.3817,,FBF,79.53,FBF,bigmed,"['N-sulfanyl-4-[3,4,5-tris(4-methoxybutoxy)-6-(4-methoxybutoxymethyl)oxan-2-yl]oxybutanamide']",['COCCCCOCC1C(C(C(C(O1)OCCCC(=O)NS)OCCCCOC)OCCCCOC)OCCCCOC']
33,3122,C59H92NO11P,14.625,1021.6439,,FBF,79.38,FBF,bigmed,[],[]
34,85,C7H6O3,12.649,138.0316,,FBF,79.36,FBF,bigmed,['2-hydroxybenzoic acid'],['C1=CC=C(C(=C1)C(=O)O)O']
35,3480,C16H28N6O5,21.172,384.2128,,FBF,79.19,FBF,bigmed,"['(2S)-2-[[(2S,3R)-2-[[(2S)-2,6-diaminohexanoyl]amino]-3-hydroxybutanoyl]amino]-3-(1H-imidazol-5-yl)propanoic acid']",['C[C@H]([C@@H](C(=O)N[C@@H](CC1=CN=CN1)C(=O)O)NC(=O)[C@H](CCCCN)N)O']
36,4179,C21H45N2O6P,22.627,452.3035,,FBF,79.15,FBF,bigmed,"['[(2S,3R)-2-(hexanoylamino)-3-hydroxydecyl] 2-(trimethylazaniumyl)ethyl phosphate']",['CCCCCCC[C@H]([C@H](COP(=O)([O-])OCC[N+](C)(C)C)NC(=O)CCCCC)O']
37,3908,C58H111NO6,22.731,917.8424,,FBF,79.01,FBF,bigmed,"['N-[(1S)-1-[(4S,5R)-2,2-dimethyl-5-tetradec-1-enyl-1,3-dioxolan-4-yl]-2-[(2S,4S,5R)-6-(methoxymethyl)-3,4,5-trimethyloxan-2-yl]oxyethyl]-N-methylhexacosa-2,4,6,8,10,12,14,16,18,20,22,24-dodecaynamide;molecular hydrogen']",['[HH].[HH].[HH].[HH].[HH].[HH].[HH].[HH].[HH].[HH].[HH].[HH].[HH].[HH].[HH].[HH].[HH].[HH].[HH].[HH].[HH].[HH].[HH].[HH].CCCCCCCCCCCCC=C[C@@H]1[C@@H](OC(O1)(C)C)[C@H](CO[C@@H]2C([C@H]([C@H](C(O2)COC)C)C)C)N(C)C(=O)C#CC#CC#CC#CC#CC#CC#CC#CC#CC#CC#CC#CC']
38,1866,C33H53NO7,5.399,575.3797,,FBF,79.01,FBF,bigmed,"['(1R,2S,6S,9S,10R,11R,14S,15S,18S,20S,23R,24S)-6,10,23-trimethyl-20-[(2R,3R,4S,5S,6R)-3,4,5-trihydroxy-6-(hydroxymethyl)oxan-2-yl]oxy-4-azahexacyclo[12.11.0.02,11.04,9.015,24.018,23]pentacosan-17-one']",['C[C@H]1CC[C@H]2[C@@H]([C@@H]3CC[C@@H]4[C@H]([C@@H]3CN2C1)C[C@H]5[C@H]4CC(=O)[C@@H]6[C@@]5(CC[C@@H](C6)O[C@H]7[C@@H]([C@H]([C@@H]([C@H](O7)CO)O)O)O)C)C']
39,156,C14H17F3N2O3,22.055,318.1201,,FBF,78.71,FBF,bigmed,['3-(hydroxymethyl)-N-[4-(trifluoromethoxy)phenyl]piperidine-1-carboxamide'],['C1CC(CN(C1)C(=O)NC2=CC=C(C=C2)OC(F)(F)F)CO']
40,2407,C24H50NO6P,19.119,479.3359,,FBF,78.69,FBF,bigmed,['[(2R)-3-[(Z)-hexadec-1-enoxy]-2-hydroxypropyl] 2-(trimethylazaniumyl)ethyl phosphate'],['CCCCCCCCCCCCCC/C=C\\OC[C@H](COP(=O)([O-])OCC[N+](C)(C)C)O']
41,534,C22H33NO3,15.04,359.2466,,FBF,78.54,FBF,bigmed,['3-(2-methylpiperidin-1-yl)propyl 4-cyclohexyloxybenzoate'],['CC1CCCCN1CCCOC(=O)C2=CC=C(C=C2)OC3CCCCC3']
42,1752,C46H72O12,18.08,816.5049,,FBF,78.48,FBF,bigmed,"['[(2R,3S,4R,5R,6S)-6-[[(3R,4R,4aR,5R,6aR,6aS,6bR,8aR,9S,10S,12aR,14bR)-4,5,10-trihydroxy-4a,9-bis(hydroxymethyl)-2,2,6a,6b,9,12a-hexamethyl-1,3,4,5,6,6a,7,8,8a,10,11,12,13,14b-tetradecahydropicen-3-yl]oxy]-5-hydroxy-2-methyl-4-[(E)-2-methylbut-2-enoyl]oxyoxan-3-yl] (E)-2-methylbut-2-enoate']",['C/C=C(\\C)/C(=O)O[C@H]1[C@H](O[C@H]([C@@H]([C@H]1OC(=O)/C(=C/C)/C)O)O[C@H]2[C@@H]([C@@]3([C@@H](C[C@@]4(C(=CC[C@H]5[C@]4(CC[C@@H]6[C@@]5(CC[C@@H]([C@]6(C)CO)O)C)C)[C@H]3CC2(C)C)C)O)CO)O)C']
43,3175,C24H42NO12P,4.749,567.2462,,FBF,78.38,FBF,bigmed,"['[(2R,3S,4R,5R)-5-acetamido-3,4-diacetyloxy-6-[decoxy(hydroxy)phosphoryl]oxyoxan-2-yl]methyl acetate']",['CCCCCCCCCCOP(=O)(O)OC1[C@@H]([C@H]([C@@H]([C@H](O1)COC(=O)C)OC(=O)C)OC(=O)C)NC(=O)C']
44,473,C25H41NO,20.185,371.3177,,FBF,78.24,FBF,bigmed,['(Z)-N-benzyloctadec-9-enamide'],['CCCCCCCC/C=C\\CCCCCCCC(=O)NCC1=CC=CC=C1']
45,3631,C6H4N4O2,4.594,164.0345,,FBF,78.23,FBF,bigmed,"['1H-pteridine-2,4-dione']",['C1=CN=C2C(=N1)C(=O)NC(=O)N2']
46,4682,C41H65NO7S,5.139,715.4488,,FBF,78.22,FBF,bigmed,"['(3R)-1-[(1R,2S)-3-[(2S)-2-tert-butyl-5-[1-(tert-butylsulfonylmethyl)cyclohexyl]-4-oxopentanoyl]-6,6-dimethyl-3-azabicyclo[3.1.0]hexan-2-yl]-3-(2-cyclopropylethyl)non-8-ene-1,4,5-trione']",['CC1([C@H]2C1CN([C@@H]2C(=O)C[C@@H](CCC3CC3)C(=O)C(=O)CCC=C)C(=O)[C@@H](CC(=O)CC4(CCCCC4)CS(=O)(=O)C(C)(C)C)C(C)(C)C)C']
47,3923,C52H105NO4,14.495,807.8061,,FBF,77.87,FBF,bigmed,"['N-[(2S,3R)-1,3-dihydroxyoctadecan-2-yl]-34-hydroxytetratriacontanamide']",['CCCCCCCCCCCCCCC[C@H]([C@H](CO)NC(=O)CCCCCCCCCCCCCCCCCCCCCCCCCCCCCCCCCO)O']
48,3520,C9H12O7S,0.907,264.0302,,FBF,77.74,FBF,bigmed,['[2-hydroxy-1-(4-hydroxy-3-methoxyphenyl)ethyl] hydrogen sulfate'],['COC1=C(C=CC(=C1)C(CO)OS(=O)(=O)O)O']
49,3998,C48H89NO18,14.261,967.6082,,FBF,77.16,FBF,bigmed,"['N-[(E,2S,3R)-1-[(2R,3R,4R,5S,6R)-5-[(2S,3R,4R,5R,6R)-3,4-dihydroxy-6-(hydroxymethyl)-5-[(2R,3R,4S,5R,6R)-3,4,5-trihydroxy-6-(hydroxymethyl)oxan-2-yl]oxyoxan-2-yl]oxy-3,4-dihydroxy-6-(hydroxymethyl)oxan-2-yl]oxy-3-hydroxyoctadec-4-en-2-yl]dodecanamide']",['CCCCCCCCCCCCC/C=C/[C@H]([C@H](CO[C@H]1[C@@H]([C@H]([C@@H]([C@H](O1)CO)O[C@H]2[C@@H]([C@H]([C@H]([C@H](O2)CO)O[C@@H]3[C@@H]([C@H]([C@H]([C@H](O3)CO)O)O)O)O)O)O)O)NC(=O)CCCCCCCCCCC)O']
50,265,C18H30O2,8.804,278.2243,,FBF,94.49,FBF,large,"['(9Z,12Z,15Z)-octadeca-9,12,15-trienoic acid']",['CC/C=C\\C/C=C\\C/C=C\\CCCCCCCC(=O)O']
51,3744,C17H13NO3,5.037,279.0898,,FBF,89.54,FBF,large,"['2-(1,3-benzodioxol-5-yl)-1-methylquinolin-4-one']",['CN1C2=CC=CC=C2C(=O)C=C1C3=CC4=C(C=C3)OCO4']
52,3757,C18H14O4,3.764,294.0878,,FBF,88.82,FBF,large,['(2-methyl-4-oxo-3-phenylchromen-7-yl) acetate'],['CC1=C(C(=O)C2=C(O1)C=C(C=C2)OC(=O)C)C3=CC=CC=C3']
53,1582,C44H78O11,15.015,782.5578,,FBF,88.68,FBF,large,"['3,4,5-trihydroxy-6-[3-[(11Z,14Z)-icosa-11,14-dienoyl]oxy-2-pentadecanoyloxypropoxy]oxane-2-carboxylic acid']",['CCCCCCCCCCCCCCC(=O)OC(COC1C(C(C(C(O1)C(=O)O)O)O)O)COC(=O)CCCCCCCCC/C=C\\C/C=C\\CCCCC']
54,2035,C36H68O6,15.82,596.5016,,FBF,88.3,FBF,large,"['2,3-di(undecanoyloxy)propyl undecanoate']",['CCCCCCCCCCC(=O)OCC(COC(=O)CCCCCCCCCC)OC(=O)CCCCCCCCCC']
55,3358,C6H9NO3,12.729,143.0579,,FBF,87.2,FBF,large,"['3,5,5-trimethyl-1,3-oxazolidine-2,4-dione']",['CC1(C(=O)N(C(=O)O1)C)C']
56,2393,C46H86NO8P,14.678,811.6097,,FBF,86.55,FBF,large,"['[(2R)-2-[(5Z,8Z,11Z)-icosa-5,8,11-trienoyl]oxy-3-octadecanoyloxypropyl] 2-(trimethylazaniumyl)ethyl phosphate']",['CCCCCCCCCCCCCCCCCC(=O)OC[C@H](COP(=O)([O-])OCC[N+](C)(C)C)OC(=O)CCC/C=C\\C/C=C\\C/C=C\\CCCCCCCC']
57,2846,C42H70O15P2,14.366,876.4194,,FBF,85.79,FBF,large,[],[]
58,1316,C31H46O12S,12.651,642.2723,,FBF,85.63,FBF,large,"['4-acetyl-6-[2-methoxy-3-(3-methoxy-2,2-dimethyl-3-oxopropyl)sulfanylpropoxy]carbonylbenzene-1,3-dicarboxylic acid;butyl 2,2-dimethylbutanoate']",['CCCCOC(=O)C(C)(C)CC.CC(=O)C1=CC(=C(C=C1C(=O)O)C(=O)O)C(=O)OCC(CSCC(C)(C)C(=O)OC)OC']
59,483,C24H38N2O,18.416,370.2971,,FBF,85.18,FBF,large,"['1-cyclohexyl-4-[3-(5-methoxy-1,2,3,4-tetrahydronaphthalen-1-yl)propyl]piperazine']",['COC1=CC=CC2=C1CCCC2CCCN3CCN(CC3)C4CCCCC4']
60,4086,C37H75NO3,16.261,581.5771,,FBF,84.87,FBF,large,"['N-[(2S,3R)-1,3-dihydroxyoctadecan-2-yl]nonadecanamide']",['CCCCCCCCCCCCCCCCCCC(=O)N[C@@H](CO)[C@@H](CCCCCCCCCCCCCCC)O']
61,521,C20H37NO2,10.312,323.2816,,FBF,84.69,FBF,large,"['(9Z,12Z)-N-(2-hydroxyethyl)octadeca-9,12-dienamide']",['CCCCC/C=C\\C/C=C\\CCCCCCCC(=O)NCCO']
62,3873,C44H81NO5,22.909,703.6133,,FBF,84.35,FBF,large,"['[(9Z,12Z)-16-(1,3-dihydroxytetradecan-2-ylamino)-16-oxohexadeca-9,12-dienyl] (Z)-tetradec-9-enoate']",['CCCCCCCCCCCC(C(CO)NC(=O)CC/C=C\\C/C=C\\CCCCCCCCOC(=O)CCCCCCC/C=C\\CCCC)O']
63,27,C16H19NO4,16.52,289.1328,,FBF,84.22,FBF,large,"['(1R,2R,3S,5S)-3-benzoyloxy-8-methyl-8-azabicyclo[3.2.1]octane-2-carboxylic acid']",['CN1[C@H]2CC[C@@H]1[C@H]([C@H](C2)OC(=O)C3=CC=CC=C3)C(=O)O']
64,3412,C5H10N2O4,8.232,162.0636,,FBF,84.2,FBF,large,['2-[(2-aminoacetyl)amino]-3-hydroxypropanoic acid'],['C(C(C(=O)O)NC(=O)CN)O']
65,5015,C47H72O2,19.117,668.5536,,FBF,83.4,FBF,large,"['2-methoxy-6-[(2E,6E,10E,14E,18E,22E,26E)-3,7,11,15,19,23,27,31-octamethyldotriaconta-2,6,10,14,18,22,26,30-octaenyl]phenol']",['CC(=CCC/C(=C/CC/C(=C/CC/C(=C/CC/C(=C/CC/C(=C/CC/C(=C/CC/C(=C/CC1=C(C(=CC=C1)OC)O)/C)/C)/C)/C)/C)/C)/C)C']
66,32,C6H5NO2,13.093,123.0321,,FBF,83.1,FBF,large,['pyridine-3-carboxylic acid'],['C1=CC(=CN=C1)C(=O)O']
67,4874,C34H49NO10,22.883,631.3353,,FBF,82.3,FBF,large,"['7-[methyl-[(2S)-2-methyl-3-[(E)-3-(3,4,5-trimethoxyphenyl)prop-2-enoyl]oxypropyl]amino]heptyl 3,4,5-trimethoxybenzoate']",['C[C@@H](CN(C)CCCCCCCOC(=O)C1=CC(=C(C(=C1)OC)OC)OC)COC(=O)/C=C/C2=CC(=C(C(=C2)OC)OC)OC']
68,375,C15H28N2O4,7.998,300.2051,,FBF,81.98,FBF,large,"['(2R)-N-[(3S)-2,2-dimethyl-4-oxopentan-3-yl]-2-[[formyl(hydroxy)amino]methyl]hexanamide']",['CCCC[C@H](CN(C=O)O)C(=O)N[C@H](C(=O)C)C(C)(C)C']
69,3344,C12H15N4O2S,15.976,279.0909,,FBF,81.94,FBF,large,"['2-[3-[(4-amino-2-methylpyrimidin-5-yl)methyl]-4-methyl-1,3-thiazol-3-ium-5-yl]acetic acid']",['CC1=C(SC=[N+]1CC2=CN=C(N=C2N)C)CC(=O)O']
70,3647,C4H10N2O,6.829,102.0789,,FBF,81.87,FBF,large,"['N,N-diethylnitrous amide']",['CCN(CC)N=O']
71,4721,C21H36O,18.702,304.2774,,FBF,81.76,FBF,large,['3-pentadecylphenol'],['CCCCCCCCCCCCCCCC1=CC(=CC=C1)O']
72,957,C32H64O4,21.325,512.4805,,FBF,81.62,FBF,large,"['15,16-dihydroxydotriacontanoic acid']",['CCCCCCCCCCCCCCCCC(C(CCCCCCCCCCCCCC(=O)O)O)O']
73,407,C22H41N3O,22.078,363.3276,,FBF,81.48,FBF,large,"['(9E,12E,15E)-N-[2-(2-aminoethylamino)ethyl]octadeca-9,12,15-trienamide']",['CC/C=C/C/C=C/C/C=C/CCCCCCCC(=O)NCCNCCN']
74,374,C15H28N2O4,17.402,300.2044,,FBF,81.32,FBF,large,"['(2R)-N-[(3S)-2,2-dimethyl-4-oxopentan-3-yl]-2-[[formyl(hydroxy)amino]methyl]hexanamide']",['CCCC[C@H](CN(C=O)O)C(=O)N[C@H](C(=O)C)C(C)(C)C']
75,3219,C17H29O7P,10.182,376.1654,,FBF,81.15,FBF,large,"['ethyl (3aR,7aR)-7-diethoxyphosphoryloxy-7a-hydroxy-5-methyl-2,3,3a,4-tetrahydro-1H-indene-5-carboxylate']",['CCOC(=O)C1(C[C@H]2CCC[C@@]2(C(=C1)OP(=O)(OCC)OCC)O)C']
76,3474,C11H17N3O8S,4.18,351.073,,FBF,80.99,FBF,large,['(3S)-3-amino-4-[[(2S)-3-carboxy-1-[[(1R)-1-carboxy-2-sulfanylethyl]amino]-1-oxopropan-2-yl]amino]-4-oxobutanoic acid'],['C([C@@H](C(=O)N[C@@H](CC(=O)O)C(=O)N[C@@H](CS)C(=O)O)N)C(=O)O']
77,1173,C51H100O9,15.586,856.7339,,FBF,80.77,FBF,large,"['[(3S,4S,5R)-3,4-dihydroxy-1-[(2R,3R,4R,5R,6R)-3,4,5-trihydroxy-6-(hydroxymethyl)oxan-2-yl]nonadecan-5-yl] hexacosanoate']",['CCCCCCCCCCCCCCCCCCCCCCCCCC(=O)O[C@H](CCCCCCCCCCCCCC)[C@H]([C@H](CC[C@@H]1[C@@H]([C@H]([C@H]([C@H](O1)CO)O)O)O)O)O']
78,3650,C15H15NO3,2.362,257.1069,,FBF,80.65,FBF,large,['2-[1-methyl-5-(4-methylbenzoyl)pyrrol-2-yl]acetic acid'],['CC1=CC=C(C=C1)C(=O)C2=CC=C(N2C)CC(=O)O']
79,2642,C36H61O12P,14.756,716.3875,,FBF,80.47,FBF,large,[],[]
80,4797,C31H55NO9,14.028,585.3883,,FBF,80.43,FBF,large,"['3-[1-hydroxy-2-methyl-18-[(2R,3S,4S,5S,6R)-3,4,5-trihydroxy-6-(hydroxymethyl)oxan-2-yl]oxyoctadecylidene]-1,5-dimethylpyrrolidine-2,4-dione']",['CC1C(=O)C(=C(C(C)CCCCCCCCCCCCCCCCO[C@H]2[C@H]([C@H]([C@@H]([C@H](O2)CO)O)O)O)O)C(=O)N1C']
81,3374,C7H15NO2,13.899,145.1095,,FBF,80.22,FBF,large,['4-(trimethylazaniumyl)butanoate'],['C[N+](C)(C)CCCC(=O)[O-]']
82,264,C18H30O2,9.168,278.2236,,FBF,80.15,FBF,large,"['(9Z,12Z,15Z)-octadeca-9,12,15-trienoic acid']",['CC/C=C\\C/C=C\\C/C=C\\CCCCCCCC(=O)O']
83,28,C16H19NO4,6.465,289.1315,,FBF,79.43,FBF,large,"['(1R,2R,3S,5S)-3-benzoyloxy-8-methyl-8-azabicyclo[3.2.1]octane-2-carboxylic acid']",['CN1[C@H]2CC[C@@H]1[C@H]([C@H](C2)OC(=O)C3=CC=CC=C3)C(=O)O']
84,5202,C22H30O7,7.27,406.1999,,FBF,79.35,FBF,large,"['[(1S,2S,6R,10S,11R,13S,14R,15R)-1,6,14-trihydroxy-8-(hydroxymethyl)-4,12,12,15-tetramethyl-5-oxo-13-tetracyclo[8.5.0.02,6.011,13]pentadeca-3,8-dienyl] acetate']",['C[C@@H]1[C@H]([C@@]2([C@@H](C2(C)C)[C@H]3[C@]1([C@@H]4C=C(C(=O)[C@]4(CC(=C3)CO)O)C)O)OC(=O)C)O']
85,2592,C51H90NO8P,16.728,875.6462,,FBF,79.3,FBF,large,"['[3-[2-(dimethylamino)ethoxy-hydroxyphosphoryl]oxy-2-[(5Z,8Z,11Z,14Z,17Z)-icosa-5,8,11,14,17-pentaenoyl]oxypropyl] (Z)-tetracos-15-enoate']",['CCCCCCCC/C=C\\CCCCCCCCCCCCCC(=O)OCC(COP(=O)(O)OCCN(C)C)OC(=O)CCC/C=C\\C/C=C\\C/C=C\\C/C=C\\C/C=C\\CC']
86,3124,C29H52NO12P,14.366,637.3188,,FBF,79.27,FBF,large,['5-[(2R)-1-[[(2S)-2-amino-2-carboxyethoxy]-hydroxyphosphoryl]oxy-3-[(Z)-octadec-9-enoyl]oxypropan-2-yl]oxy-5-oxopentanoic acid'],['CCCCCCCC/C=C\\CCCCCCCC(=O)OC[C@H](COP(=O)(O)OC[C@@H](C(=O)O)N)OC(=O)CCCC(=O)O']
87,422,C24H43NO3,17.662,393.3259,,FBF,79.22,FBF,large,['4-[(2S)-3-hydroxy-2-(15-hydroxypentadecylamino)propyl]phenol'],['C1=CC(=CC=C1C[C@@H](CO)NCCCCCCCCCCCCCCCO)O']
88,318,C23H41NO,21.091,347.3172,,FBF,79.11,FBF,large,['2-octadecoxypyridine'],['CCCCCCCCCCCCCCCCCCOC1=CC=CC=N1']
89,527,C19H31NO2,19.818,305.2355,,FBF,78.89,FBF,large,['3-(4-butoxy-2-prop-2-enylphenoxy)-N-propan-2-ylpropan-1-amine'],['CCCCOC1=CC(=C(C=C1)OCCCNC(C)C)CC=C']
90,3722,C17H18N2O6,8.024,346.1167,,FBF,78.62,FBF,large,"['dimethyl 2,6-dimethyl-4-(2-nitrophenyl)-1,4-dihydropyridine-3,5-dicarboxylate']",['CC1=C(C(C(=C(N1)C)C(=O)OC)C2=CC=CC=C2[N+](=O)[O-])C(=O)OC']
91,529,C20H33NO2,8.466,319.2483,,FBF,78.5,FBF,large,['tetradecyl pyridine-3-carboxylate'],['CCCCCCCCCCCCCCOC(=O)C1=CN=CC=C1']
92,4970,C22H37NO10S,13.197,507.2161,,FBF,78.41,FBF,large,"['S-[2-[2-[2-[2-[[(1S,2R,6R,7R,8S)-7-acetamido-4,4-dimethyl-3,5,9,11-tetraoxatricyclo[6.2.1.02,6]undecan-1-yl]methoxy]ethoxy]ethoxy]ethoxy]ethyl] ethanethioate']",['CC(=O)N[C@@H]1[C@@H]2[C@H]([C@@]3(CO[C@H]1O3)COCCOCCOCCOCCSC(=O)C)OC(O2)(C)C']
93,1914,C63H110O5,19.039,946.8337,,FBF,78.39,FBF,large,"['[(2S)-3-[(11Z,14Z)-icosa-11,14-dienoyl]oxy-2-octadecoxypropyl] (4Z,7Z,10Z,13Z,16Z)-docosa-4,7,10,13,16-pentaenoate']",['CCCCCCCCCCCCCCCCCCO[C@@H](COC(=O)CCCCCCCCC/C=C\\C/C=C\\CCCCC)COC(=O)CC/C=C\\C/C=C\\C/C=C\\C/C=C\\C/C=C\\CCCCC']
94,1554,C77H131NO9,21.792,1213.9817,,FBF,78.34,FBF,large,"['[2-[(3,5-ditert-butyl-4-hydroxyphenyl)methyl]-2-[4-[3-(3,5-ditert-butyl-4-hydroxyphenyl)propanoyloxymethyl]-4-ethyl-5H-1,3-oxazol-2-yl]-3-octadecanoyloxypropyl] octadecanoate']",['CCCCCCCCCCCCCCCCCC(=O)OCC(CC1=CC(=C(C(=C1)C(C)(C)C)O)C(C)(C)C)(COC(=O)CCCCCCCCCCCCCCCCC)C2=NC(CO2)(CC)COC(=O)CCC3=CC(=C(C(=C3)C(C)(C)C)O)C(C)(C)C']
95,2680,C70H129O11P,19.299,1176.9223,,FBF,77.84,FBF,large,"['[1-[[2-[(10Z,13Z,16Z)-docosa-10,13,16-trienoyl]oxy-3-[(Z)-icos-11-enoyl]oxypropoxy]-hydroxyphosphoryl]oxy-3-hydroxypropan-2-yl] docosanoate']",['CCCCCCCCCCCCCCCCCCCCCC(=O)OC(CO)COP(=O)(O)OCC(COC(=O)CCCCCCCCC/C=C\\CCCCCCCC)OC(=O)CCCCCCCC/C=C\\C/C=C\\C/C=C\\CCCCC']
96,717,C46H72O4,21.974,688.5427,,FBF,77.8,FBF,large,['[3-hexadecanoyloxy-5-[(E)-2-phenylethenyl]phenyl] hexadecanoate'],['CCCCCCCCCCCCCCCC(=O)OC1=CC(=CC(=C1)/C=C/C2=CC=CC=C2)OC(=O)CCCCCCCCCCCCCCC']
97,3928,C56H109NO3,14.314,843.841,,FBF,77.7,FBF,large,"['(15Z,18Z)-N-(1,3-dihydroxyhexacosan-2-yl)triaconta-15,18-dienamide']",['CCCCCCCCCCCCCCCCCCCCCCCC(C(CO)NC(=O)CCCCCCCCCCCCC/C=C\\C/C=C\\CCCCCCCCCCC)O']
98,4875,C34H45NO12,14.366,659.3003,,FBF,77.67,FBF,large,"['[(10S)-4-acetyloxy-1,9,12-trihydroxy-15-[2-hydroxy-3-(methylamino)butanoyl]oxy-10,14,17,17-tetramethyl-11-oxo-6-oxatetracyclo[11.3.1.03,10.04,7]heptadec-13-en-2-yl] benzoate']",['CC1=C2C(C(=O)[C@@]3(C(CC4C(C3C(C(C2(C)C)(CC1OC(=O)C(C(C)NC)O)O)OC(=O)C5=CC=CC=C5)(CO4)OC(=O)C)O)C)O']
99,4865,C33H45NO8,22.259,583.3139,,FBF,77.47,FBF,large,"['(10-acetyloxy-1,2,9-trihydroxy-8,12,15,15-tetramethyl-4-methylidene-13-oxo-5-tricyclo[9.3.1.03,8]pentadec-11-enyl) 3-(dimethylamino)-3-phenylpropanoate']",['CC1=C2C(C(C3(CCC(C(=C)C3C(C(C2(C)C)(CC1=O)O)O)OC(=O)CC(C4=CC=CC=C4)N(C)C)C)O)OC(=O)C']
100,734,C14H20O2,9.271,220.146,,FBF,95.71,FBF,med,"['2,6-ditert-butylcyclohexa-2,5-diene-1,4-dione']",['CC(C)(C)C1=CC(=O)C=C(C1=O)C(C)(C)C']
101,858,C27H51NO,11.767,405.3959,,FBF,95.64,FBF,med,['(E)-1-(azocan-1-yl)icos-2-en-1-one'],['CCCCCCCCCCCCCCCCC/C=C/C(=O)N1CCCCCCC1']
102,1469,C33H66,18.133,462.516,,FBF,95.63,FBF,med,['tritriacont-1-ene'],['CCCCCCCCCCCCCCCCCCCCCCCCCCCCCCCC=C']
103,6641,C32H63NO2,11.871,493.4851,,FBF,95.34,FBF,med,['N-hexadecyl-2-oxohexadecanamide'],['CCCCCCCCCCCCCCCCNC(=O)C(=O)CCCCCCCCCCCCCC']
104,850,C24H49NO,17.821,367.3819,,FBF,94.8,FBF,med,"['N,N-dibutylhexadecanamide']",['CCCCCCCCCCCCCCCC(=O)N(CCCC)CCCC']
105,790,C25H48N6O8,7.841,560.3524,,FBF,94.61,FBF,med,"[""N-[5-[[4-[5-[acetyl(hydroxy)amino]pentylamino]-4-oxobutanoyl]-hydroxyamino]pentyl]-N'-(5-aminopentyl)-N'-hydroxybutanediamide""]",['CC(=O)N(CCCCCNC(=O)CCC(=O)N(CCCCCNC(=O)CCC(=O)N(CCCCCN)O)O)O']
106,6182,C3H10N3O5PS,1.007,231.0081,,FBF,93.18,FBF,med,['2-[[amino-(phosphonoamino)methylidene]amino]ethanesulfinic acid'],['C(CS(=O)O)N=C(N)NP(=O)(O)O']
107,6252,C22H44N6O10,4.619,552.3124,,FBF,93.01,FBF,med,"['(2S)-4-amino-N-[(1R,2S,3S,4R,5S)-5-amino-4-[(2R,3R,6S)-3-amino-6-(aminomethyl)oxan-2-yl]oxy-2-[(2S,3R,4S,5S,6R)-4-amino-3,5-dihydroxy-6-(hydroxymethyl)oxan-2-yl]oxy-3-hydroxycyclohexyl]-2-hydroxybutanamide']",['C1C[C@H]([C@H](O[C@@H]1CN)O[C@@H]2[C@H](C[C@H]([C@@H]([C@H]2O)O[C@@H]3[C@@H]([C@H]([C@@H]([C@H](O3)CO)O)N)O)NC(=O)[C@H](CCN)O)N)N']
108,7549,C32H46O7,7.763,542.3236,,FBF,93.0,FBF,med,"[""(1R,4S,5'S,6R,6'R,8R,10E,13R,14E,16E,20R,21R,24S)-6'-ethyl-21,24-dihydroxy-5',11,13,22-tetramethylspiro[3,7,19-trioxatetracyclo[15.6.1.14,8.020,24]pentacosa-10,14,16,22-tetraene-6,2'-oxane]-2-one""]",['CC[C@@H]1[C@H](CC[C@@]2(O1)C[C@@H]3C[C@H](O2)C/C=C(/C[C@H](/C=C/C=C/4\\CO[C@H]5[C@@]4([C@@H](C=C([C@H]5O)C)C(=O)O3)O)C)\\C)C']
109,3078,C32H49NO7,7.763,559.3497,,FBF,93.0,FBF,med,"['[[(2S)-1-[[(8R,9S,10S,13R,17R)-14-hydroxy-10,13-dimethyl-17-(5-oxo-2H-furan-3-yl)-1,2,3,4,5,6,7,8,9,11,12,15,16,17-tetradecahydrocyclopenta[a]phenanthren-3-yl]oxy]-1-oxopropan-2-yl]amino]methyl 2,2-dimethylpropanoate']",['C[C@@H](C(=O)OC1CC[C@@]2([C@H]3CC[C@@]4([C@H](CCC4([C@@H]3CCC2C1)O)C5=CC(=O)OC5)C)C)NCOC(=O)C(C)(C)C']
110,7739,C32H45NO6,5.113,539.3239,,FBF,92.59,FBF,med,"['N-[(7S)-1,2,3,10-tetramethoxy-9-oxo-6,7-dihydro-5H-benzo[a]heptalen-7-yl]dodecanamide']",['CCCCCCCCCCCC(=O)N[C@H]1CCC2=CC(=C(C(=C2C3=CC=C(C(=O)C=C13)OC)OC)OC)OC']
111,6998,C36H65NO15,4.619,751.4352,,FBF,91.51,FBF,med,"['2-[3-(1-hydroxy-2-methylpropan-2-yl)-2,4,8,10-tetraoxaspiro[5.5]undecan-9-yl]-2-methylpropan-1-ol;tetramethyl butane-1,2,3,4-tetracarboxylate;2,2,6,6-tetramethylpiperidin-4-ol']",['CC1(CC(CC(N1)(C)C)O)C.CC(C)(CO)C1OCC2(CO1)COC(OC2)C(C)(C)CO.COC(=O)CC(C(CC(=O)OC)C(=O)OC)C(=O)OC']
112,5185,C25H47O13P,3.527,586.2761,,FBF,91.29,FBF,med,"['[(2R)-3-[hydroxy-[(2R,3R,5S,6R)-2,3,4,5,6-pentahydroxycyclohexyl]oxyphosphoryl]oxy-2-octanoyloxypropyl] octanoate']",['CCCCCCCC(=O)OC[C@H](COP(=O)(O)OC1[C@@H]([C@H](C([C@H]([C@H]1O)O)O)O)O)OC(=O)CCCCCCC']
113,5423,C31H46NO13P,4.229,671.2689,,FBF,91.04,FBF,med,"['tert-butyl N-[(2E,5S,9R,10R,11Z,13R,14S)-10-hydroxy-18-(methoxymethoxy)-7,7,13,14-tetramethyl-16-oxo-6,8,15-trioxatricyclo[15.4.0.05,9]henicosa-1(17),2,11,18,20-pentaen-20-yl]-N-(2-phosphonooxyethyl)carbamate']",['C[C@@H]1/C=C\\[C@H]([C@@H]2[C@H](C/C=C/C3=C(C(=CC(=C3)N(CCOP(=O)(O)O)C(=O)OC(C)(C)C)OCOC)C(=O)O[C@H]1C)OC(O2)(C)C)O']
114,6900,C69H129NO5,17.977,1051.9853,,FBF,90.98,FBF,med,"['[(Z)-25-[[(E)-1,3-dihydroxytricos-4-en-2-yl]amino]-25-oxopentacos-14-enyl] (11Z,14Z)-henicosa-11,14-dienoate']",['CCCCCCCCCCCCCCCCCC/C=C/C(C(CO)NC(=O)CCCCCCCCC/C=C\\CCCCCCCCCCCCCOC(=O)CCCCCCCCC/C=C\\C/C=C\\CCCCCC)O']
115,8325,C29H40O5,7.556,468.2874,,FBF,90.71,FBF,med,"['(6R)-2-methyl-3-methylidene-6-[(4S,5S,10S,13R,14R,17R)-4,10,13-trimethyl-3,7,11-trioxo-1,2,4,5,6,12,14,15,16,17-decahydrocyclopenta[a]phenanthren-17-yl]heptanoic acid']",['C[C@H]1[C@@H]2CC(=O)C3=C([C@]2(CCC1=O)C)C(=O)C[C@]4([C@H]3CC[C@@H]4[C@H](C)CCC(=C)C(C)C(=O)O)C']
116,860,C28H57NO,19.874,423.4425,,FBF,90.07,FBF,med,['octacosanamide'],['CCCCCCCCCCCCCCCCCCCCCCCCCCCC(=O)N']
117,4844,C35H59O12P,14.054,702.3732,,FBF,89.56,FBF,med,[],[]
118,7642,C26H43NO8,14.547,497.2969,,FBF,89.49,FBF,med,"['(2R,4S,5R)-2-[[(3S,5R,8R,9S,10S,13R,14S,17S)-14-hydroxy-10,13-dimethyl-17-(nitromethyl)-1,2,3,4,5,6,7,8,9,11,12,15,16,17-tetradecahydrocyclopenta[a]phenanthren-3-yl]oxy]-6-methyloxane-3,4,5-triol']",['CC1[C@@H]([C@@H](C([C@@H](O1)O[C@H]2CC[C@]3([C@@H](C2)CC[C@@H]4[C@@H]3CC[C@]5([C@@]4(CC[C@@H]5C[N+](=O)[O-])O)C)C)O)O)O']
119,7259,C41H75N2O6P,14.106,722.5343,,FBF,89.11,FBF,med,"['[(4E,8E,12E)-2-[[(4Z,7Z)-hexadeca-4,7-dienoyl]amino]-3-hydroxyicosa-4,8,12-trienyl] 2-(trimethylazaniumyl)ethyl phosphate']",['CCCCCCCC/C=C\\C/C=C\\CCC(=O)NC(COP(=O)([O-])OCC[N+](C)(C)C)C(/C=C/CC/C=C/CC/C=C/CCCCCCC)O']
120,5874,C12H19N5O5,9.869,313.1416,,FBF,88.69,FBF,med,"['(2R,3R,4S)-3-acetamido-4-(diaminomethylideneamino)-2-(dimethylcarbamoyl)-3,4-dihydro-2H-pyran-6-carboxylic acid']",['CC(=O)N[C@@H]1[C@H](C=C(O[C@H]1C(=O)N(C)C)C(=O)O)N=C(N)N']
121,6411,C9H16N4OS,7.893,228.1038,,FBF,88.19,FBF,med,"['1-(5-tert-butyl-1,3,4-thiadiazol-2-yl)-1,3-dimethylurea']",['CC(C)(C)C1=NN=C(S1)N(C)C(=O)NC']
122,1091,C24H41NO4,13.352,407.3033,,FBF,88.14,FBF,med,['N-(2-hydroxyethyl)-11-(3-hydroxy-5-pentylphenoxy)undecanamide'],['CCCCCC1=CC(=CC(=C1)OCCCCCCCCCCC(=O)NCCO)O']
123,2651,C53H79NO10,11.377,889.5719,,FBF,88.09,FBF,med,[],[]
124,1070,C8H15NO4,5.919,189.1005,,FBF,87.72,FBF,med,"['(1S,6S,7R,8R,8aR)-1,2,3,5,6,7,8,8a-octahydroindolizine-1,6,7,8-tetrol']",['C1CN2C[C@@H]([C@H]([C@@H]([C@H]2[C@H]1O)O)O)O']
125,1812,C48H90O14,20.108,890.6331,,FBF,87.65,FBF,med,"['2-[6-[15-[5-[4-(6-ethyl-5-hydroxy-5-methyloxan-2-yl)-1,4-dihydroxy-2-methylpentyl]-5-methyloxolan-2-yl]-2,4,8,10,14,15-hexahydroxy-3,7,11,13-tetramethylpentadecyl]-3,5-dimethyloxan-2-yl]propanoic acid']",['CCC1C(CCC(O1)C(C)(CC(C)C(C2(CCC(O2)C(C(C(C)CC(C)C(CC(C(C)CCC(C(C)C(CC3C(CC(C(O3)C(C)C(=O)O)C)C)O)O)O)O)O)O)C)O)O)(C)O']
126,3071,C30H51NO7,7.763,537.3686,,FBF,87.6,FBF,med,"['[(3Z,5S,6S,7S,8R,9S,11Z,13S,14S,15S,16Z,18S)-8,14,18-trihydroxy-5,7,9,11,13,15-hexamethyl-19-[(2R)-5-oxooxolan-2-yl]nonadeca-3,11,16-trien-6-yl] carbamate']",['CC/C=C\\[C@H](C)[C@@H]([C@@H](C)[C@@H]([C@@H](C)C/C(=C\\[C@H](C)[C@H]([C@@H](C)/C=C\\[C@H](C[C@H]1CCC(=O)O1)O)O)/C)O)OC(=O)N']
127,1471,C10H22,9.427,142.1724,,FBF,87.19,FBF,med,['decane'],['CCCCCCCCCC']
128,7892,C23H36O7S,8.933,456.2211,,FBF,87.08,FBF,med,"['[(1R,2S,3R,4R,6S,7S,8S,14R)-4-ethenyl-3-hydroxy-2,4,7,14-tetramethyl-9-oxo-6-tricyclo[5.4.3.01,8]tetradecanyl] 2-methylsulfonyloxyacetate']",['C[C@@H]1CC[C@]23CCC(=O)[C@@H]2[C@]1([C@H](C[C@]([C@@H]([C@H]3C)O)(C)C=C)OC(=O)COS(=O)(=O)C)C']
129,7810,C18H22O9S,6.776,414.0988,,FBF,86.94,FBF,med,"['[3,5-diacetyloxy-6-(2-formylthiophen-3-yl)oxy-4-methyloxan-2-yl]methyl acetate']",['CC1C(C(OC(C1OC(=O)C)OC2=C(SC=C2)C=O)COC(=O)C)OC(=O)C']
130,7585,C35H48O8,4.749,596.3369,,FBF,86.88,FBF,med,"['8-[2-(2-carboxyethyl)-3-[6-[(4-oxo-8-propyl-2,3-dihydrochromen-7-yl)oxy]hexyl]phenoxy]octanoic acid']",['CCCC1=C(C=CC2=C1OCCC2=O)OCCCCCCC3=C(C(=CC=C3)OCCCCCCCC(=O)O)CCC(=O)O']
131,6567,C36H46N2O10,4.229,666.3135,,FBF,86.72,FBF,med,"['methyl (2S)-3-phenyl-2-[[(2S)-2-(phenylmethoxycarbonylamino)-3-[[(1R,4S,5R,8S,9R,10S,12R,13R)-1,5,9-trimethyl-11,14,15,16-tetraoxatetracyclo[10.3.1.04,13.08,13]hexadecan-10-yl]oxy]propanoyl]amino]propanoate']",['C[C@@H]1CC[C@H]2[C@H]([C@H](O[C@H]3[C@@]24[C@H]1CC[C@](O3)(OO4)C)OC[C@@H](C(=O)N[C@@H](CC5=CC=CC=C5)C(=O)OC)NC(=O)OCC6=CC=CC=C6)C']
132,2988,C59H94O12,21.979,994.678,,FBF,86.72,FBF,med,"['6-[2-dodecanoyloxy-3-[(5Z,8Z,11Z,14Z,17Z)-icosa-5,8,11,14,17-pentaenoyl]oxypropoxy]-3,4-dihydroxy-5-[(9Z,12Z,15Z)-octadeca-9,12,15-trienoyl]oxyoxane-2-carboxylic acid']",['CCCCCCCCCCCC(=O)OC(COC1C(C(C(C(O1)C(=O)O)O)O)OC(=O)CCCCCCC/C=C\\C/C=C\\C/C=C\\CC)COC(=O)CCC/C=C\\C/C=C\\C/C=C\\C/C=C\\C/C=C\\CC']
133,4899,C48H79O13P,11.351,894.526,,FBF,86.69,FBF,med,"['[1-[hydroxy-(2,3,4,5,6-pentahydroxycyclohexyl)oxyphosphoryl]oxy-3-[(9Z,12Z)-nonadeca-9,12-dienoyl]oxypropan-2-yl] (5Z,8Z,11Z,14Z,17Z)-icosa-5,8,11,14,17-pentaenoate']",['CCCCCC/C=C\\C/C=C\\CCCCCCCC(=O)OCC(COP(=O)(O)OC1C(C(C(C(C1O)O)O)O)O)OC(=O)CCC/C=C\\C/C=C\\C/C=C\\C/C=C\\C/C=C\\CC']
134,4775,C40H71O9P,16.262,726.4849,,FBF,86.37,FBF,med,"['[(2R)-1-[[(2S)-2,3-dihydroxypropoxy]-hydroxyphosphoryl]oxy-3-[(Z)-hexadec-1-enoxy]propan-2-yl] (6Z,9Z,12Z,15Z)-octadeca-6,9,12,15-tetraenoate']",['CCCCCCCCCCCCCC/C=C\\OC[C@H](COP(=O)(O)OC[C@H](CO)O)OC(=O)CCCC/C=C\\C/C=C\\C/C=C\\C/C=C\\CC']
135,4966,C67H106O16P2,5.269,1228.694,,FBF,85.99,FBF,med,"['[2-hydroxy-3-[hydroxy-[2-hydroxy-3-[hydroxy-[3-[(5Z,8Z,11Z,14Z,17Z)-icosa-5,8,11,14,17-pentaenoyl]oxy-2-[(9Z,12Z,15Z)-octadeca-9,12,15-trienoyl]oxypropoxy]phosphoryl]oxypropoxy]phosphoryl]oxypropyl] (5Z,8Z,11Z,14Z,17Z)-icosa-5,8,11,14,17-pentaenoate']",['CC/C=C\\C/C=C\\C/C=C\\CCCCCCCC(=O)OC(COC(=O)CCC/C=C\\C/C=C\\C/C=C\\C/C=C\\C/C=C\\CC)COP(=O)(O)OCC(COP(=O)(O)OCC(COC(=O)CCC/C=C\\C/C=C\\C/C=C\\C/C=C\\C/C=C\\CC)O)O']
136,180,C13H17NO,8.985,203.131,,FBF,85.95,FBF,med,['(E)-N-ethyl-N-(2-methylphenyl)but-2-enamide'],['CCN(C1=CC=CC=C1C)C(=O)/C=C/C']
137,5773,C7H10N2O2,10.909,154.0744,,FBF,85.86,FBF,med,['N-[(prop-2-enoylamino)methyl]prop-2-enamide'],['C=CC(=O)NCNC(=O)C=C']
138,6310,C19H12F3N3O3S,6.776,419.0544,,FBF,85.83,FBF,med,"['2-[4-oxo-3-[[5-(trifluoromethyl)-1,3-benzothiazol-2-yl]methyl]phthalazin-1-yl]acetic acid']",['C1=CC=C2C(=C1)C(=NN(C2=O)CC3=NC4=C(S3)C=CC(=C4)C(F)(F)F)CC(=O)O']
139,7463,C22H30O5,9.609,374.2095,,FBF,85.78,FBF,med,"['(6S,8S,9S,10R,11S,13S,14S,17R)-11,17-dihydroxy-17-(2-hydroxyacetyl)-6,10,13-trimethyl-7,8,9,11,12,14,15,16-octahydro-6H-cyclopenta[a]phenanthren-3-one']",['C[C@H]1C[C@H]2[C@@H]3CC[C@@]([C@]3(C[C@@H]([C@@H]2[C@@]4(C1=CC(=O)C=C4)C)O)C)(C(=O)CO)O']
140,1161,C28H51NO2,11.507,433.389,,FBF,85.58,FBF,med,"['(2S,3S,5S,8R,9S,10S,13S,14S,17S)-10,13-dimethyl-2-(nonylamino)-2,3,4,5,6,7,8,9,11,12,14,15,16,17-tetradecahydro-1H-cyclopenta[a]phenanthrene-3,17-diol']",['CCCCCCCCCN[C@H]1C[C@]2([C@@H](CC[C@@H]3[C@@H]2CC[C@]4([C@H]3CC[C@@H]4O)C)C[C@@H]1O)C']
141,844,C21H43NO,15.431,325.3321,,FBF,85.56,FBF,med,['1-hexadecyl-1-oxidopiperidin-1-ium'],['CCCCCCCCCCCCCCCC[N+]1(CCCCC1)[O-]']
142,1170,C6H12N2O3,0.436,160.0858,,FBF,85.48,FBF,med,"['4-(2,2-dimethylhydrazinyl)-4-oxobutanoic acid']",['CN(C)NC(=O)CCC(=O)O']
143,5034,C31H58O15P2,4.229,732.3237,,FBF,85.37,FBF,med,[],[]
144,4908,C20H33O10P,8.829,464.1816,,FBF,85.36,FBF,med,['[2-hydroxy-3-(2-hydroxy-3-prop-2-enoyloxycyclopentyl)oxycyclopentyl]methyl 3-dimethoxyphosphoryl-2-methylpropanoate'],['CC(CP(=O)(OC)OC)C(=O)OCC1CCC(C1O)OC2CCC(C2O)OC(=O)C=C']
145,4121,C30H48NO7P,3.865,565.316,,FBF,85.24,FBF,med,"['[2-[(4Z,7Z,10Z,13Z,16Z,19Z)-docosa-4,7,10,13,16,19-hexaenoyl]oxy-3-hydroxypropoxy]-[1-(2-oxoethylazaniumyl)propyl]phosphinate']",['CC/C=C\\C/C=C\\C/C=C\\C/C=C\\C/C=C\\C/C=C\\CCC(=O)OC(CO)COP(=O)(C(CC)[NH2+]CC=O)[O-]']
146,496,C5H10O2,5.867,102.0677,,FBF,85.01,FBF,med,['pentanoic acid'],['CCCCC(=O)O']
147,4114,C52H84NO7P,13.326,865.5987,,FBF,84.92,FBF,med,"['[3-[(4Z,7Z,10Z,13Z,16Z,19Z)-docosa-4,7,10,13,16,19-hexaenoxy]-2-[(7Z,10Z,13Z,16Z,19Z)-docosa-7,10,13,16,19-pentaenoyl]oxypropyl] 2-(trimethylazaniumyl)ethyl phosphate']",['CC/C=C\\C/C=C\\C/C=C\\C/C=C\\C/C=C\\CCCCCC(=O)OC(COCCC/C=C\\C/C=C\\C/C=C\\C/C=C\\C/C=C\\C/C=C\\CC)COP(=O)([O-])OCC[N+](C)(C)C']
148,6232,C7H15NO3,0.384,161.1055,,FBF,84.92,FBF,med,['(3R)-3-hydroxy-4-(trimethylazaniumyl)butanoate'],['C[N+](C)(C)C[C@@H](CC(=O)[O-])O']
149,4733,C84H155O11P,12.624,1371.1228,,FBF,84.91,FBF,med,[],[]
150,3439,C24H41O10P,3.501,520.2425,,FBF,94.34,FBF,tiny,"['[1-[(2-acetyloxy-3-hydroxypropoxy)-hydroxyphosphoryl]oxy-3-hydroxypropan-2-yl] (7Z,10Z,13Z)-hexadeca-7,10,13-trienoate']",['CC/C=C\\C/C=C\\C/C=C\\CCCCCC(=O)OC(CO)COP(=O)(O)OCC(CO)OC(=O)C']
151,1373,C18H36O6,8.57,348.2511,,FBF,93.94,FBF,tiny,"['(3R,4S,5S,6R)-2-dodecoxy-6-(hydroxymethyl)oxane-3,4,5-triol']",['CCCCCCCCCCCCOC1[C@@H]([C@H]([C@@H]([C@H](O1)CO)O)O)O']
152,2879,C35H53NO7,4.619,599.3822,,FBF,93.92,FBF,tiny,"['[(2R,3S)-3-acetyloxy-6-[[(3S,8S,9S,10R,13S,14S,17S)-17-[(E)-N-butoxy-C-methylcarbonimidoyl]-10,13-dimethyl-2,3,4,7,8,9,11,12,14,15,16,17-dodecahydro-1H-cyclopenta[a]phenanthren-3-yl]oxy]-3,6-dihydro-2H-pyran-2-yl]methyl acetate']",['CCCCO/N=C(\\C)/[C@H]1CC[C@@H]2[C@@]1(CC[C@H]3[C@H]2CC=C4[C@@]3(CC[C@@H](C4)OC5C=C[C@@H]([C@H](O5)COC(=O)C)OC(=O)C)C)C']
153,6961,C28H46O13,4.489,590.293,,FBF,93.61,FBF,tiny,"['[3-propanoyloxy-2-[[3-propanoyloxy-2,2-bis(propanoyloxymethyl)propoxy]methyl]-2-(propanoyloxymethyl)propyl] propanoate']",['CCC(=O)OCC(COCC(COC(=O)CC)(COC(=O)CC)COC(=O)CC)(COC(=O)CC)COC(=O)CC']
154,4918,C19H32NO11P,3.293,481.1717,,FBF,93.59,FBF,tiny,"['[(3S,6S)-5-acetamido-3,4-diacetyloxy-6-(diethoxyphosphorylmethyl)oxan-2-yl]methyl acetate']",['CCOP(=O)(C[C@@H]1C(C([C@@H](C(O1)COC(=O)C)OC(=O)C)OC(=O)C)NC(=O)C)OCC']
155,4438,C32H53O12P,16.03,660.3244,,FBF,93.57,FBF,tiny,"['5-(carboxyoxymethoxy)-5-oxo-2-(phosphonomethyl)pentanoic acid;(4R)-4-(10,13-dimethyl-2,3,4,5,6,7,8,9,11,12,14,15,16,17-tetradecahydro-1H-cyclopenta[a]phenanthren-17-yl)pentanoic acid']",['C[C@H](CCC(=O)O)C1CCC2C1(CCC3C2CCC4C3(CCCC4)C)C.C(CC(=O)OCOC(=O)O)C(CP(=O)(O)O)C(=O)O']
156,4633,C32H57O14P,4.307,696.3492,,FBF,90.53,FBF,tiny,"['[(2R)-3-[hydroxy-[(5R)-2,3,4,5,6-pentahydroxycyclohexyl]oxyphosphoryl]oxy-2-(5-oxopentanoyloxy)propyl] (Z)-octadec-9-enoate']",['CCCCCCCC/C=C\\CCCCCCCC(=O)OC[C@H](COP(=O)(O)OC1C([C@@H](C(C(C1O)O)O)O)O)OC(=O)CCCC=O']
157,1562,C55H106O10,17.225,926.7721,,FBF,89.31,FBF,tiny,"['[1-icosanoyloxy-3-[3,4,5-trihydroxy-6-(hydroxymethyl)oxan-2-yl]oxypropan-2-yl] hexacosanoate']",['CCCCCCCCCCCCCCCCCCCCCCCCCC(=O)OC(COC1C(C(C(C(O1)CO)O)O)O)COC(=O)CCCCCCCCCCCCCCCCCCC']
158,5328,C16H22N6O4,11.429,362.169,,FBF,89.26,FBF,tiny,['(2S)-N-[(2S)-1-[(2S)-2-carbamoylpyrrolidin-1-yl]-3-(1H-imidazol-5-yl)-1-oxopropan-2-yl]-5-oxopyrrolidine-2-carboxamide'],['C1C[C@H](N(C1)C(=O)[C@H](CC2=CN=CN2)NC(=O)[C@@H]3CCC(=O)N3)C(=O)N']
159,7355,C26H36O5S,3.397,460.2295,,FBF,88.29,FBF,tiny,"[""[(8R,9S,13S,14S,17R)-5',5',13-trimethyl-6'-oxospiro[7,8,9,11,12,14,15,16-octahydro-6H-cyclopenta[a]phenanthrene-17,2'-oxane]-3-yl] ethanesulfonate""]",['CCS(=O)(=O)OC1=CC2=C(C=C1)[C@H]3CC[C@]4([C@H]([C@@H]3CC2)CC[C@@]45CCC(C(=O)O5)(C)C)C']
160,5441,C22H33N7O4,7.92,459.2618,,FBF,87.42,FBF,tiny,"['(2S)-2-(ethylcarbamoylamino)-5-oxo-5-[4-[3-(1,4,5,6-tetrahydropyrimidin-2-ylamino)phenyl]piperazin-1-yl]pentanoic acid']",['CCNC(=O)N[C@@H](CCC(=O)N1CCN(CC1)C2=CC=CC(=C2)NC3=NCCCN3)C(=O)O']
161,1495,C51H94O15,18.472,946.659,,FBF,86.44,FBF,tiny,"['[(2S)-2-hexadecanoyloxy-3-[(2R,3R,4S,5R,6R)-3,4,5-trihydroxy-6-[[(2S,3R,4S,5R,6R)-3,4,5-trihydroxy-6-(hydroxymethyl)oxan-2-yl]oxymethyl]oxan-2-yl]oxypropyl] (E)-icos-11-enoate']",['CCCCCCCCCCCCCCCC(=O)O[C@@H](CO[C@H]1[C@@H]([C@H]([C@H]([C@H](O1)CO[C@@H]2[C@@H]([C@H]([C@H]([C@H](O2)CO)O)O)O)O)O)O)COC(=O)CCCCCCCCC/C=C/CCCCCCCC']
162,7448,C23H31NO7S,3.397,465.1839,,FBF,86.05,FBF,tiny,"['(Z)-7-[(1R,2R,3R)-3-hydroxy-2-[(E,3R)-3-hydroxy-4-phenoxybut-1-enyl]-5-oxocyclopentyl]-N-methylsulfonylhept-5-enamide']",['CS(=O)(=O)NC(=O)CCC/C=C\\C[C@@H]1[C@H]([C@@H](CC1=O)O)/C=C/[C@H](COC2=CC=CC=C2)O']
163,493,C6H10O4S,13.301,178.0292,,FBF,85.46,FBF,tiny,['3-(2-carboxyethylsulfanyl)propanoic acid'],['C(CSCCC(=O)O)C(=O)O']
164,7281,C22H38O4S,4.099,398.2496,,FBF,85.33,FBF,tiny,"['[(4E)-2-(hydroxymethyl)-4-[5-methyl-3-(2-methylpropyl)hexylidene]-5-sulfanylideneoxolan-2-yl]methyl 2,2-dimethylpropanoate']",['CC(C)CC(C/C=C/1\\CC(OC1=S)(CO)COC(=O)C(C)(C)C)CC(C)C']
165,973,C22H41NO4S,4.099,415.2761,,FBF,85.33,FBF,tiny,['2-amino-2-methylpropan-1-ol;2-dodecylbenzenesulfonic acid'],['CCCCCCCCCCCCC1=CC=CC=C1S(=O)(=O)O.CC(C)(CO)N']
166,2472,C59H87NO8,13.405,937.6428,,FBF,85.18,FBF,tiny,"['tert-butyl (4Z)-6-[3-(2,2-dimethylpropyl)cyclobutyl]-4-methoxyimino-3-(3-phenylmethoxypropyl)hex-5-ynoate;tert-butyl 6-[3-(2,2-dimethylpropyl)cyclobutyl]-4-oxo-3-(3-phenylmethoxypropyl)hex-5-ynoate']",['CC(C)(C)CC1CC(C1)C#C/C(=N\\OC)/C(CCCOCC2=CC=CC=C2)CC(=O)OC(C)(C)C.CC(C)(C)CC1CC(C1)C#CC(=O)C(CCCOCC2=CC=CC=C2)CC(=O)OC(C)(C)C']
167,2190,C26H48O9,4.515,504.3295,,FBF,85.06,FBF,tiny,"['3-[3-[(2R,3R,4R,5R,6S)-3,4,5-trihydroxy-6-methyloxan-2-yl]oxydecanoyloxy]decanoic acid']",['CCCCCCCC(CC(=O)O)OC(=O)CC(CCCCCCC)O[C@H]1[C@@H]([C@@H]([C@H]([C@@H](O1)C)O)O)O']
168,3997,C41H62NO8P,5.737,727.4242,,FBF,84.65,FBF,tiny,"['[3-[2-aminoethoxy(hydroxy)phosphoryl]oxy-2-[(3Z,6Z,9Z,12Z,15Z)-octadeca-3,6,9,12,15-pentaenoyl]oxypropyl] (3Z,6Z,9Z,12Z,15Z)-octadeca-3,6,9,12,15-pentaenoate']",['CC/C=C\\C/C=C\\C/C=C\\C/C=C\\C/C=C\\CC(=O)OCC(COP(=O)(O)OCCN)OC(=O)C/C=C\\C/C=C\\C/C=C\\C/C=C\\C/C=C\\CC']
169,60,C8H17NO,5.763,143.1305,,FBF,84.53,FBF,tiny,['2-propylpentanamide'],['CCCC(CCC)C(=O)N']
170,1138,C33H54N7O17P3S,19.85,945.2521,,FBF,84.49,FBF,tiny,"['S-[2-[3-[[(2R)-4-[[[(2R,3S,4R,5R)-5-(6-aminopurin-9-yl)-4-hydroxy-3-phosphonooxyoxolan-2-yl]methoxy-hydroxyphosphoryl]oxy-hydroxyphosphoryl]oxy-2-hydroxy-3,3-dimethylbutanoyl]amino]propanoylamino]ethyl] (3Z,6Z)-dodeca-3,6-dienethioate']",['CCCCC/C=C\\C/C=C\\CC(=O)SCCNC(=O)CCNC(=O)[C@@H](C(C)(C)COP(=O)(O)OP(=O)(O)OC[C@@H]1[C@H]([C@H]([C@@H](O1)N2C=NC3=C(N=CN=C32)N)O)OP(=O)(O)O)O']
171,1051,C8H15NOS2,9.844,205.0606,,FBF,84.17,FBF,tiny,['5-(dithiolan-3-yl)pentanamide'],['C1CSSC1CCCCC(=O)N']
172,16,C8H15NO,3.397,141.1146,,FBF,84.16,FBF,tiny,"['(1S,5R)-8-methyl-8-azabicyclo[3.2.1]octan-3-ol']",['CN1[C@@H]2CC[C@H]1CC(C2)O']
173,4548,C35H69O18P3,13.899,870.3705,,FBF,84.03,FBF,tiny,[],[]
174,5535,C20H29N5O4S,3.085,435.1934,,FBF,83.85,FBF,tiny,"['8-[(1R,2R)-2-hydroxy-2-methylcyclopentyl]-6-methyl-2-[(1-methylsulfonylpiperidin-4-yl)amino]pyrido[2,3-d]pyrimidin-7-one']",['CC1=CC2=CN=C(N=C2N(C1=O)[C@@H]3CCC[C@@]3(C)O)NC4CCN(CC4)S(=O)(=O)C']
175,3751,C32H56NO8P,5.322,613.3758,,FBF,83.47,FBF,tiny,"['[1-[2-aminoethoxy(hydroxy)phosphoryl]oxy-3-undecanoyloxypropan-2-yl] (4Z,7Z,10Z,13Z)-hexadeca-4,7,10,13-tetraenoate']",['CCCCCCCCCCC(=O)OCC(COP(=O)(O)OCCN)OC(=O)CC/C=C\\C/C=C\\C/C=C\\C/C=C\\CC']
176,1061,C4H12N2,21.148,88.1007,,FBF,83.17,FBF,tiny,"['butane-1,4-diamine']",['C(CCN)CN']
177,650,C5H6O2,0.409,98.0363,,FBF,83.16,FBF,tiny,['furan-2-ylmethanol'],['C1=COC(=C1)CO']
178,6187,C38H73NO5,18.291,623.5478,,FBF,82.84,FBF,tiny,"['(Z)-2-hydroxy-N-[(E)-1,3,4-trihydroxypentadec-8-en-2-yl]tricos-11-enamide']",['CCCCCCCCCCC/C=C\\CCCCCCCCC(C(=O)NC(CO)C(C(CCC/C=C/CCCCCC)O)O)O']
179,7340,C26H46O6S,4.515,486.3001,,FBF,82.65,FBF,tiny,"['[(4R)-4-[(3R,5S,6R,7R,8S,9S,10S,13R,14S,17R)-6-ethyl-3,7-dihydroxy-10,13-dimethyl-2,3,4,5,6,7,8,9,11,12,14,15,16,17-tetradecahydro-1H-cyclopenta[a]phenanthren-17-yl]pentyl] hydrogen sulfate']",['CC[C@@H]1[C@@H]2C[C@@H](CC[C@@]2([C@H]3CC[C@]4([C@H]([C@@H]3[C@@H]1O)CC[C@@H]4[C@H](C)CCCOS(=O)(=O)O)C)C)O']
180,6300,C44H76NO6P,0.383,745.544,,FBF,82.52,FBF,tiny,"['[1-[(Z)-hexadec-1-enoxy]-3-[(2-oxo-1,3,2lambda5-oxazaphospholidin-2-yl)oxy]propan-2-yl] (4Z,7Z,10Z,13Z,16Z,19Z)-docosa-4,7,10,13,16,19-hexaenoate;methane']",['C.CCCCCCCCCCCCCC/C=C\\OCC(COP1(=O)NCCO1)OC(=O)CC/C=C\\C/C=C\\C/C=C\\C/C=C\\C/C=C\\C/C=C\\CC']
181,5360,C14H21N5O4,6.802,323.1591,,FBF,82.47,FBF,tiny,"['(2R,3R,4S,5R)-2-[6-[[(2S)-butan-2-yl]amino]purin-9-yl]-5-(hydroxymethyl)oxolane-3,4-diol']",['CC[C@H](C)NC1=C2C(=NC=N1)N(C=N2)[C@H]3[C@@H]([C@@H]([C@H](O3)CO)O)O']
182,1376,C35H68O5,6.283,568.5093,,FBF,82.46,FBF,tiny,['(3-hexadecanoyloxy-2-hydroxypropyl) hexadecanoate'],['CCCCCCCCCCCCCCCC(=O)OCC(COC(=O)CCCCCCCCCCCCCCC)O']
183,402,C12H22O12,10.259,358.111,,FBF,82.31,FBF,tiny,"['(2R,3R,4R,5R)-2,3,5,6-tetrahydroxy-4-[(2S,3R,4S,5R,6R)-3,4,5-trihydroxy-6-(hydroxymethyl)oxan-2-yl]oxyhexanoic acid']",['C([C@@H]1[C@@H]([C@@H]([C@H]([C@@H](O1)O[C@H]([C@@H](CO)O)[C@@H]([C@H](C(=O)O)O)O)O)O)O)O']
184,7279,C22H38O7S,3.085,446.2337,,FBF,82.18,FBF,tiny,['(4-hexadecanoyl-3-hydroxy-5-oxo-2H-furan-2-yl)methyl methanesulfonate'],['CCCCCCCCCCCCCCCC(=O)C1=C(C(OC1=O)COS(=O)(=O)C)O']
185,4802,C52H92NO11P,13.405,937.6428,,FBF,82.17,FBF,tiny,"['[(2R)-3-[(Z)-tetracos-15-enoyl]oxy-2-[(5R,6R,7Z,9Z,11E,13E,15S,17Z)-5,6,15-trihydroxyicosa-7,9,11,13,17-pentaenoyl]oxypropyl] 2-(trimethylazaniumyl)ethyl phosphate']",['CCCCCCCC/C=C\\CCCCCCCCCCCCCC(=O)OC[C@H](COP(=O)([O-])OCC[N+](C)(C)C)OC(=O)CCC[C@H]([C@@H](/C=C\\C=C/C=C/C=C/[C@H](C/C=C\\CC)O)O)O']
186,646,C7H10O2,2.409,126.0676,,FBF,81.68,FBF,tiny,"['3,5-dimethylcyclopentane-1,2-dione']",['CC1CC(C(=O)C1=O)C']
187,436,C20H34O6,8.57,370.2333,,FBF,81.64,FBF,tiny,"['7-[(1R,2R,3R,5S)-3,5-dihydroxy-2-[(E,3S)-3-hydroxyoct-1-enyl]cyclopentyl]-6-oxoheptanoic acid']",['CCCCC[C@@H](/C=C/[C@H]1[C@@H](C[C@@H]([C@@H]1CC(=O)CCCCC(=O)O)O)O)O']
188,6824,C19H41N2O5P,12.131,408.2765,,FBF,81.58,FBF,tiny,['2-(dodecanoylamino)ethyl 2-(trimethylazaniumyl)ethyl phosphate'],['CCCCCCCCCCCC(=O)NCCOP(=O)([O-])OCC[N+](C)(C)C']
189,4201,C59H117O10P,12.963,1016.8409,,FBF,81.29,FBF,tiny,"['[1-[2,3-dihydroxypropoxy(hydroxy)phosphoryl]oxy-3-hexacosanoyloxypropan-2-yl] heptacosanoate']",['CCCCCCCCCCCCCCCCCCCCCCCCCCC(=O)OC(COC(=O)CCCCCCCCCCCCCCCCCCCCCCCCC)COP(=O)(O)OCC(CO)O']
190,1804,C40H62O10,6.647,702.4344,,FBF,81.19,FBF,tiny,"['[(2S,3R,4S,5R)-2-[[(1R,2R,3S,4R,7R,9S,12R,14S,17R,18R,19R,21R,22S)-22-(2-acetyloxypropan-2-yl)-2-hydroxy-3,8,8,17,19-pentamethyl-24-oxaheptacyclo[19.2.1.01,18.03,17.04,14.07,12.012,14]tetracosan-9-yl]oxy]-3,5-dihydroxyoxan-4-yl] acetate']",['C[C@@H]1C[C@@H]2[C@H](C[C@]3([C@H]1[C@]4(CC[C@@]56C[C@@]57CC[C@@H](C([C@@H]7CC[C@H]6[C@@]4([C@H]3O)C)(C)C)O[C@H]8[C@@H]([C@H]([C@@H](CO8)O)OC(=O)C)O)C)O2)C(C)(C)OC(=O)C']
191,5725,C6H16N6,5.503,172.1426,,FBF,81.09,FBF,tiny,['2-[4-(diaminomethylideneamino)butyl]guanidine'],['C(CCN=C(N)N)CN=C(N)N']
192,5215,C7H11NO5,3.397,189.0646,,FBF,81.04,FBF,tiny,['(2S)-2-acetamidopentanedioic acid'],['CC(=O)N[C@@H](CCC(=O)O)C(=O)O']
193,6324,C65H117NO3,18.524,959.9027,,FBF,80.95,FBF,tiny,"['(22Z,25Z,28Z,31Z)-N-[(4E,8E,12E)-1,3-dihydroxyhentriaconta-4,8,12-trien-2-yl]tetratriaconta-22,25,28,31-tetraenamide']",['CCCCCCCCCCCCCCCCCC/C=C/CC/C=C/CC/C=C/C(C(CO)NC(=O)CCCCCCCCCCCCCCCCCCCC/C=C\\C/C=C\\C/C=C\\C/C=C\\CC)O']
194,767,C10H19NO3,1.656,201.1363,,FBF,80.93,FBF,tiny,['2-(octanoylamino)acetic acid'],['CCCCCCCC(=O)NCC(=O)O']
195,251,C8H6O5,0.435,182.0209,,FBF,80.84,FBF,tiny,"['5-hydroxybenzene-1,3-dicarboxylic acid']",['C1=C(C=C(C=C1C(=O)O)O)C(=O)O']
196,5909,C7H14S2,1.396,162.0525,,FBF,80.74,FBF,tiny,['2-[[(E)-prop-1-enyl]disulfanyl]butane'],['CCC(C)SS/C=C/C']
197,3013,C27H46O10,5.192,530.3104,,FBF,80.73,FBF,tiny,"['(3R,5S,6S,7R,8S,9R,12R,13R,14S,15R)-6,14-dihydroxy-8-[(2R,4S,5S,6S)-5-hydroxy-4-methoxy-6-methyloxan-2-yl]oxy-5,7,9,12,13,15-hexamethyl-1,11-dioxaspiro[2.13]hexadecane-10,16-dione']",['C[C@H]1C[C@@]2(CO2)C(=O)[C@@H]([C@H]([C@H]([C@H](OC(=O)[C@@H]([C@H]([C@@H]([C@H]1O)C)O[C@H]3C[C@@H]([C@H]([C@@H](O3)C)O)OC)C)C)C)O)C']
198,445,C8H17NO2,0.383,159.1273,,FBF,80.42,FBF,tiny,['(3S)-3-(aminomethyl)-5-methylhexanoic acid'],['CC(C)C[C@@H](CC(=O)O)CN']
199,5673,C17H25N3O7,7.816,383.1728,,FBF,80.42,FBF,tiny,"['N-(2,6-dimethoxyphenyl)-2-(4-methylpiperazin-1-yl)acetamide;oxalic acid']",['CN1CCN(CC1)CC(=O)NC2=C(C=CC=C2OC)OC.C(=O)(C(=O)O)O']
